,Locomotive ID,Train Type,Origin ID,Origin Departure Time(hr),Destination ID,Number of Loaded Railcars,Number of Empty Railcars
0,2000.0,Intermodal,Stockton,8.1,Bakersfield,48.0,52.0
1,3000.0,Intermodal,Bakersfield,8.1,Stockton,52.0,48.0
2,1000.0,Intermodal,Barstow,8.4,Bakersfield,51.0,49.0
3,3001.0,Intermodal,Bakersfield,8.4,Barstow,49.0,51.0
4,2001.0,Unit_Empty,Stockton,9.2,Bakersfield,59.0,40.0
5,3002.0,Unit_Empty,Bakersfield,9.2,Barstow,64.0,35.0
6,1001.0,Unit_Empty,Barstow,9.3,Bakersfield,60.0,39.0
7,3003.0,Unit_Empty,Bakersfield,9.3,Stockton,63.0,36.0
8,1002.0,Unit_Empty,Barstow,10.3,Stockton,52.0,46.0
9,2002.0,Unit_Empty,Stockton,10.5,Barstow,67.0,32.0
10,1003.0,Intermodal,Barstow,11.7,Stockton,51.0,49.0
11,2003.0,Intermodal,Stockton,11.7,Barstow,49.0,51.0
12,1006.0,Unit,Barstow,14.0,Bakersfield,0.0,101.0
13,3006.0,Unit,Bakersfield,14.0,Barstow,101.0,0.0
14,2004.0,Intermodal,Stockton,16.2,Bakersfield,48.0,52.0
15,3004.0,Intermodal,Bakersfield,16.2,Stockton,52.0,48.0
16,1007.0,Unit,Barstow,16.3,Bakersfield,101.0,0.0
17,3007.0,Unit,Bakersfield,16.3,Barstow,0.0,101.0
18,1004.0,Intermodal,Barstow,16.8,Bakersfield,51.0,49.0
19,3005.0,Intermodal,Bakersfield,16.8,Barstow,49.0,51.0
20,2005.0,Unit_Empty,Stockton,18.4,Bakersfield,59.0,40.0
21,3008.0,Unit_Empty,Bakersfield,18.4,Barstow,64.0,35.0
22,1005.0,Unit_Empty,Barstow,18.6,Bakersfield,60.0,39.0
23,3009.0,Unit_Empty,Bakersfield,18.6,Stockton,63.0,36.0
24,2006.0,Unit,Stockton,19.4,Bakersfield,0.0,98.0
25,3010.0,Unit,Bakersfield,19.4,Stockton,98.0,0.0
26,1008.0,Unit_Empty,Barstow,20.6,Stockton,52.0,46.0
27,1009.0,Unit,Barstow,21.0,Stockton,99.0,0.0
28,2007.0,Unit,Stockton,21.0,Barstow,0.0,99.0
29,2008.0,Unit_Empty,Stockton,21.0,Barstow,67.0,32.0
30,2011.0,Unit,Stockton,21.0,Bakersfield,101.0,0.0
31,3011.0,Unit,Bakersfield,21.0,Stockton,0.0,101.0
32,1011.0,Unit,Barstow,21.9,Stockton,0.0,101.0
33,2012.0,Unit,Stockton,21.9,Barstow,101.0,0.0
34,1010.0,Intermodal,Barstow,23.4,Stockton,51.0,49.0
35,2009.0,Intermodal,Stockton,23.4,Barstow,49.0,51.0
36,2010.0,Intermodal,Stockton,24.3,Bakersfield,48.0,52.0
37,3012.0,Intermodal,Bakersfield,24.3,Stockton,52.0,48.0
38,1012.0,Intermodal,Barstow,25.2,Bakersfield,51.0,49.0
39,3013.0,Intermodal,Bakersfield,25.2,Barstow,49.0,51.0
40,2013.0,Unit_Empty,Stockton,27.6,Bakersfield,59.0,40.0
41,3014.0,Unit_Empty,Bakersfield,27.6,Barstow,64.0,35.0
42,1013.0,Unit_Empty,Barstow,27.9,Bakersfield,60.0,39.0
43,3015.0,Unit_Empty,Bakersfield,27.9,Stockton,63.0,36.0
44,1016.0,Unit,Barstow,28.0,Bakersfield,0.0,101.0
45,3016.0,Unit,Bakersfield,28.0,Barstow,101.0,0.0
46,1014.0,Unit_Empty,Barstow,30.9,Stockton,52.0,46.0
47,2014.0,Unit_Empty,Stockton,31.5,Barstow,67.0,32.0
48,2015.0,Intermodal,Stockton,32.4,Bakersfield,48.0,52.0
49,3017.0,Intermodal,Bakersfield,32.4,Stockton,52.0,48.0
50,1017.0,Unit,Barstow,32.6,Bakersfield,101.0,0.0
51,2001.0,Unit,Bakersfield,32.6,Barstow,0.0,101.0
52,1015.0,Intermodal,Barstow,33.6,Bakersfield,51.0,49.0
53,3018.0,Intermodal,Bakersfield,33.6,Barstow,49.0,51.0
54,1018.0,Intermodal,Barstow,35.1,Stockton,51.0,49.0
55,2016.0,Intermodal,Stockton,35.1,Barstow,49.0,51.0
56,2017.0,Unit_Empty,Stockton,36.8,Bakersfield,59.0,40.0
57,3019.0,Unit_Empty,Bakersfield,36.8,Barstow,64.0,35.0
58,1019.0,Unit_Empty,Barstow,37.2,Bakersfield,60.0,39.0
59,2000.0,Unit_Empty,Bakersfield,37.2,Stockton,63.0,36.0
60,2018.0,Unit,Stockton,38.8,Bakersfield,0.0,98.0
61,1000.0,Unit,Bakersfield,38.8,Stockton,98.0,0.0
62,2019.0,Intermodal,Stockton,40.5,Bakersfield,48.0,52.0
63,1001.0,Intermodal,Bakersfield,40.5,Stockton,52.0,48.0
64,3001.0,Unit_Empty,Barstow,41.2,Stockton,52.0,46.0
65,3002.0,Unit,Barstow,42.0,Stockton,99.0,0.0
66,2002.0,Intermodal,Barstow,42.0,Bakersfield,51.0,49.0
67,3006.0,Unit,Barstow,42.0,Bakersfield,0.0,101.0
68,3000.0,Unit,Stockton,42.0,Barstow,0.0,99.0
69,3003.0,Unit_Empty,Stockton,42.0,Barstow,67.0,32.0
70,1002.0,Unit,Stockton,42.0,Bakersfield,101.0,0.0
71,1006.0,Intermodal,Bakersfield,42.0,Barstow,49.0,51.0
72,1007.0,Unit,Bakersfield,42.0,Barstow,101.0,0.0
73,2006.0,Unit,Bakersfield,42.0,Stockton,0.0,101.0
74,3007.0,Unit,Barstow,43.8,Stockton,0.0,101.0
75,3011.0,Unit,Stockton,43.8,Barstow,101.0,0.0
76,1003.0,Unit_Empty,Stockton,46.0,Bakersfield,59.0,40.0
77,2004.0,Unit_Empty,Bakersfield,46.0,Barstow,64.0,35.0
78,2003.0,Unit_Empty,Barstow,46.5,Bakersfield,60.0,39.0
79,1004.0,Unit_Empty,Bakersfield,46.5,Stockton,63.0,36.0
80,3005.0,Intermodal,Barstow,46.8,Stockton,51.0,49.0
81,3004.0,Intermodal,Stockton,46.8,Barstow,49.0,51.0
82,3009.0,Intermodal,Stockton,48.6,Bakersfield,48.0,52.0
83,2005.0,Intermodal,Bakersfield,48.6,Stockton,52.0,48.0
84,2007.0,Unit,Barstow,48.9,Bakersfield,101.0,0.0
85,2011.0,Unit,Bakersfield,48.9,Barstow,0.0,101.0
86,3008.0,Intermodal,Barstow,50.4,Bakersfield,51.0,49.0
87,1005.0,Intermodal,Bakersfield,50.4,Barstow,49.0,51.0
88,2008.0,Unit_Empty,Barstow,51.5,Stockton,52.0,46.0
89,3010.0,Unit_Empty,Stockton,52.5,Barstow,67.0,32.0
90,1008.0,Unit_Empty,Stockton,55.2,Bakersfield,59.0,40.0
91,2010.0,Unit_Empty,Bakersfield,55.2,Barstow,64.0,35.0
92,2012.0,Unit_Empty,Barstow,55.8,Bakersfield,60.0,39.0
93,1012.0,Unit_Empty,Bakersfield,55.8,Stockton,63.0,36.0
94,3016.0,Unit,Barstow,56.0,Bakersfield,0.0,101.0
95,1016.0,Unit,Bakersfield,56.0,Barstow,101.0,0.0
96,1009.0,Intermodal,Stockton,56.7,Bakersfield,48.0,52.0
97,2013.0,Intermodal,Bakersfield,56.7,Stockton,52.0,48.0
98,1011.0,Unit,Stockton,58.2,Bakersfield,0.0,98.0
99,1013.0,Unit,Bakersfield,58.2,Stockton,98.0,0.0
100,2009.0,Intermodal,Barstow,58.5,Stockton,51.0,49.0
101,1010.0,Intermodal,Stockton,58.5,Barstow,49.0,51.0
102,3013.0,Intermodal,Barstow,58.8,Bakersfield,51.0,49.0
103,2015.0,Intermodal,Bakersfield,58.8,Barstow,49.0,51.0
104,3014.0,Unit_Empty,Barstow,61.8,Stockton,52.0,46.0
105,2014.0,Unit,Barstow,63.0,Stockton,99.0,0.0
106,3012.0,Unit,Stockton,63.0,Barstow,0.0,99.0
107,3015.0,Unit_Empty,Stockton,63.0,Barstow,67.0,32.0
108,3017.0,Unit,Stockton,63.0,Bakersfield,101.0,0.0
109,1017.0,Unit,Bakersfield,63.0,Stockton,0.0,101.0
110,1014.0,Unit_Empty,Stockton,64.4,Bakersfield,59.0,40.0
111,1015.0,Unit_Empty,Bakersfield,64.4,Barstow,64.0,35.0
112,1018.0,Intermodal,Stockton,64.8,Bakersfield,48.0,52.0
113,2017.0,Intermodal,Bakersfield,64.8,Stockton,52.0,48.0
114,2001.0,Unit_Empty,Barstow,65.1,Bakersfield,60.0,39.0
115,1019.0,Unit_Empty,Bakersfield,65.1,Stockton,63.0,36.0
116,2016.0,Unit,Barstow,65.2,Bakersfield,101.0,0.0
117,2002.0,Unit,Bakersfield,65.2,Barstow,0.0,101.0
118,1006.0,Unit,Barstow,65.7,Stockton,0.0,101.0
119,1001.0,Unit,Stockton,65.7,Barstow,101.0,0.0
120,3018.0,Intermodal,Barstow,67.2,Bakersfield,51.0,49.0
121,2018.0,Intermodal,Bakersfield,67.2,Barstow,49.0,51.0
122,1007.0,Unit,Barstow,70.0,Bakersfield,0.0,101.0
123,3006.0,Unit,Bakersfield,70.0,Barstow,101.0,0.0
124,3019.0,Intermodal,Barstow,70.2,Stockton,51.0,49.0
125,2000.0,Intermodal,Stockton,70.2,Barstow,49.0,51.0
126,3000.0,Unit_Empty,Barstow,72.1,Stockton,52.0,46.0
127,1000.0,Intermodal,Stockton,72.9,Bakersfield,48.0,52.0
128,2019.0,Intermodal,Bakersfield,72.9,Stockton,52.0,48.0
129,3001.0,Unit_Empty,Stockton,73.5,Barstow,67.0,32.0
130,3002.0,Unit_Empty,Stockton,73.6,Bakersfield,59.0,40.0
131,1002.0,Unit_Empty,Bakersfield,73.6,Barstow,64.0,35.0
132,3003.0,Unit_Empty,Barstow,74.4,Bakersfield,60.0,39.0
133,1003.0,Unit_Empty,Bakersfield,74.4,Stockton,63.0,36.0
134,3011.0,Intermodal,Barstow,75.6,Bakersfield,51.0,49.0
135,2003.0,Intermodal,Bakersfield,75.6,Barstow,49.0,51.0
136,2006.0,Unit,Stockton,77.6,Bakersfield,0.0,98.0
137,3009.0,Unit,Bakersfield,77.6,Stockton,98.0,0.0
138,3007.0,Intermodal,Stockton,81.0,Bakersfield,48.0,52.0
139,2007.0,Intermodal,Bakersfield,81.0,Stockton,52.0,48.0
140,2011.0,Unit,Barstow,81.5,Bakersfield,101.0,0.0
141,2012.0,Unit,Bakersfield,81.5,Barstow,0.0,101.0
142,2004.0,Intermodal,Barstow,81.9,Stockton,51.0,49.0
143,1004.0,Intermodal,Stockton,81.9,Barstow,49.0,51.0
144,3004.0,Unit_Empty,Barstow,82.4,Stockton,52.0,46.0
145,3005.0,Unit_Empty,Stockton,82.8,Bakersfield,59.0,40.0
146,3008.0,Unit_Empty,Bakersfield,82.8,Barstow,64.0,35.0
147,1005.0,Unit_Empty,Barstow,83.7,Bakersfield,60.0,39.0
148,1008.0,Unit_Empty,Bakersfield,83.7,Stockton,63.0,36.0
149,3010.0,Unit,Barstow,84.0,Stockton,99.0,0.0
150,2010.0,Intermodal,Barstow,84.0,Bakersfield,51.0,49.0
151,1016.0,Unit,Barstow,84.0,Bakersfield,0.0,101.0
152,2005.0,Unit,Stockton,84.0,Barstow,0.0,99.0
153,2008.0,Unit_Empty,Stockton,84.0,Barstow,67.0,32.0
154,1012.0,Unit,Stockton,84.0,Bakersfield,101.0,0.0
155,3016.0,Intermodal,Bakersfield,84.0,Barstow,49.0,51.0
156,1011.0,Unit,Bakersfield,84.0,Barstow,101.0,0.0
157,3017.0,Unit,Bakersfield,84.0,Stockton,0.0,101.0
158,3012.0,Unit,Barstow,87.6,Stockton,0.0,101.0
159,1017.0,Unit,Stockton,87.6,Barstow,101.0,0.0
160,2013.0,Intermodal,Stockton,89.1,Bakersfield,48.0,52.0
161,1009.0,Intermodal,Bakersfield,89.1,Stockton,52.0,48.0
162,1013.0,Unit_Empty,Stockton,92.0,Bakersfield,59.0,40.0
163,3013.0,Unit_Empty,Bakersfield,92.0,Barstow,64.0,35.0
164,1010.0,Intermodal,Barstow,92.4,Bakersfield,51.0,49.0
165,1014.0,Intermodal,Bakersfield,92.4,Barstow,49.0,51.0
166,2015.0,Unit_Empty,Barstow,92.7,Stockton,52.0,46.0
167,3015.0,Unit_Empty,Barstow,93.0,Bakersfield,60.0,39.0
168,1018.0,Unit_Empty,Bakersfield,93.0,Stockton,63.0,36.0
169,1015.0,Intermodal,Barstow,93.6,Stockton,51.0,49.0
170,2009.0,Intermodal,Stockton,93.6,Barstow,49.0,51.0
171,3014.0,Unit_Empty,Stockton,94.5,Barstow,67.0,32.0
172,2014.0,Unit,Stockton,97.0,Bakersfield,0.0,98.0
173,2001.0,Unit,Bakersfield,97.0,Stockton,98.0,0.0
174,2017.0,Intermodal,Stockton,97.2,Bakersfield,48.0,52.0
175,2016.0,Intermodal,Bakersfield,97.2,Stockton,52.0,48.0
176,2002.0,Unit,Barstow,97.8,Bakersfield,101.0,0.0
177,1007.0,Unit,Bakersfield,97.8,Barstow,0.0,101.0
178,1001.0,Unit,Barstow,98.0,Bakersfield,0.0,101.0
179,3002.0,Unit,Bakersfield,98.0,Barstow,101.0,0.0
180,2018.0,Intermodal,Barstow,100.8,Bakersfield,51.0,49.0
181,3018.0,Intermodal,Bakersfield,100.8,Barstow,49.0,51.0
182,1019.0,Unit_Empty,Stockton,101.2,Bakersfield,59.0,40.0
183,1000.0,Unit_Empty,Bakersfield,101.2,Barstow,64.0,35.0
184,3006.0,Unit_Empty,Barstow,102.3,Bakersfield,60.0,39.0
185,3003.0,Unit_Empty,Bakersfield,102.3,Stockton,63.0,36.0
186,2000.0,Unit_Empty,Barstow,103.0,Stockton,52.0,46.0
187,3001.0,Unit,Barstow,105.0,Stockton,99.0,0.0
188,1006.0,Unit,Stockton,105.0,Barstow,0.0,99.0
189,3019.0,Unit_Empty,Stockton,105.0,Barstow,67.0,32.0
190,2007.0,Unit,Stockton,105.0,Bakersfield,101.0,0.0
191,3011.0,Unit,Bakersfield,105.0,Stockton,0.0,101.0
192,1002.0,Intermodal,Barstow,105.3,Stockton,51.0,49.0
193,3000.0,Intermodal,Stockton,105.3,Barstow,49.0,51.0
194,2019.0,Intermodal,Stockton,105.3,Bakersfield,48.0,52.0
195,2006.0,Intermodal,Bakersfield,105.3,Stockton,52.0,48.0
196,2003.0,Intermodal,Barstow,109.2,Bakersfield,51.0,49.0
197,3007.0,Intermodal,Bakersfield,109.2,Barstow,49.0,51.0
198,2012.0,Unit,Barstow,109.5,Stockton,0.0,101.0
199,3017.0,Unit,Stockton,109.5,Barstow,101.0,0.0
200,1003.0,Unit_Empty,Stockton,110.4,Bakersfield,59.0,40.0
201,2011.0,Unit_Empty,Bakersfield,110.4,Barstow,64.0,35.0
202,1004.0,Unit_Empty,Barstow,111.6,Bakersfield,60.0,39.0
203,3005.0,Unit_Empty,Bakersfield,111.6,Stockton,63.0,36.0
204,3016.0,Unit,Barstow,112.0,Bakersfield,0.0,101.0
205,1016.0,Unit,Bakersfield,112.0,Barstow,101.0,0.0
206,3008.0,Unit_Empty,Barstow,113.3,Stockton,52.0,46.0
207,3009.0,Intermodal,Stockton,113.4,Bakersfield,48.0,52.0
208,1005.0,Intermodal,Bakersfield,113.4,Stockton,52.0,48.0
209,1011.0,Unit,Barstow,114.1,Bakersfield,101.0,0.0
210,1012.0,Unit,Bakersfield,114.1,Barstow,0.0,101.0
211,2004.0,Unit_Empty,Stockton,115.5,Barstow,67.0,32.0
212,3004.0,Unit,Stockton,116.4,Bakersfield,0.0,98.0
213,2010.0,Unit,Bakersfield,116.4,Stockton,98.0,0.0
214,2005.0,Intermodal,Barstow,117.0,Stockton,51.0,49.0
215,1008.0,Intermodal,Stockton,117.0,Barstow,49.0,51.0
216,2008.0,Intermodal,Barstow,117.6,Bakersfield,51.0,49.0
217,2013.0,Intermodal,Bakersfield,117.6,Barstow,49.0,51.0
218,3010.0,Unit_Empty,Stockton,119.6,Bakersfield,59.0,40.0
219,1013.0,Unit_Empty,Bakersfield,119.6,Barstow,64.0,35.0
220,1017.0,Unit_Empty,Barstow,120.9,Bakersfield,60.0,39.0
221,1010.0,Unit_Empty,Bakersfield,120.9,Stockton,63.0,36.0
222,3012.0,Intermodal,Stockton,121.5,Bakersfield,48.0,52.0
223,3015.0,Intermodal,Bakersfield,121.5,Stockton,52.0,48.0
224,3013.0,Unit_Empty,Barstow,123.6,Stockton,52.0,46.0
225,1014.0,Unit,Barstow,126.0,Stockton,99.0,0.0
226,2009.0,Intermodal,Barstow,126.0,Bakersfield,51.0,49.0
227,1007.0,Unit,Barstow,126.0,Bakersfield,0.0,101.0
228,1009.0,Unit,Stockton,126.0,Barstow,0.0,99.0
229,2015.0,Unit_Empty,Stockton,126.0,Barstow,67.0,32.0
230,2001.0,Unit,Stockton,126.0,Bakersfield,101.0,0.0
231,2014.0,Intermodal,Bakersfield,126.0,Barstow,49.0,51.0
232,2017.0,Unit,Bakersfield,126.0,Barstow,101.0,0.0
233,2002.0,Unit,Bakersfield,126.0,Stockton,0.0,101.0
234,3014.0,Intermodal,Barstow,128.7,Stockton,51.0,49.0
235,1018.0,Intermodal,Stockton,128.7,Barstow,49.0,51.0
236,1015.0,Unit_Empty,Stockton,128.8,Bakersfield,59.0,40.0
237,1001.0,Unit_Empty,Bakersfield,128.8,Barstow,64.0,35.0
238,2016.0,Intermodal,Stockton,129.6,Bakersfield,48.0,52.0
239,2018.0,Intermodal,Bakersfield,129.6,Stockton,52.0,48.0
240,3002.0,Unit_Empty,Barstow,130.2,Bakersfield,60.0,39.0
241,1019.0,Unit_Empty,Bakersfield,130.2,Stockton,63.0,36.0
242,1006.0,Unit,Barstow,130.4,Bakersfield,101.0,0.0
243,3006.0,Unit,Bakersfield,130.4,Barstow,0.0,101.0
244,3007.0,Unit,Barstow,131.4,Stockton,0.0,101.0
245,3001.0,Unit,Stockton,131.4,Barstow,101.0,0.0
246,3018.0,Unit_Empty,Barstow,133.9,Stockton,52.0,46.0
247,1000.0,Intermodal,Barstow,134.4,Bakersfield,51.0,49.0
248,2007.0,Intermodal,Bakersfield,134.4,Barstow,49.0,51.0
249,3003.0,Unit,Stockton,135.8,Bakersfield,0.0,98.0
250,2019.0,Unit,Bakersfield,135.8,Stockton,98.0,0.0
251,2000.0,Unit_Empty,Stockton,136.5,Barstow,67.0,32.0
252,3011.0,Intermodal,Stockton,137.7,Bakersfield,48.0,52.0
253,2003.0,Intermodal,Bakersfield,137.7,Stockton,52.0,48.0
254,1002.0,Unit_Empty,Stockton,138.0,Bakersfield,59.0,40.0
255,1003.0,Unit_Empty,Bakersfield,138.0,Barstow,64.0,35.0
256,3019.0,Unit_Empty,Barstow,139.5,Bakersfield,60.0,39.0
257,1004.0,Unit_Empty,Bakersfield,139.5,Stockton,63.0,36.0
258,3017.0,Unit,Barstow,140.0,Bakersfield,0.0,101.0
259,3016.0,Unit,Bakersfield,140.0,Barstow,101.0,0.0
260,3000.0,Intermodal,Barstow,140.4,Stockton,51.0,49.0
261,2006.0,Intermodal,Stockton,140.4,Barstow,49.0,51.0
262,2011.0,Intermodal,Barstow,142.8,Bakersfield,51.0,49.0
263,3009.0,Intermodal,Bakersfield,142.8,Barstow,49.0,51.0
264,1016.0,Unit_Empty,Barstow,144.2,Stockton,52.0,46.0
265,2012.0,Intermodal,Stockton,145.8,Bakersfield,48.0,52.0
266,1011.0,Intermodal,Bakersfield,145.8,Stockton,52.0,48.0
267,1012.0,Unit,Barstow,146.7,Bakersfield,101.0,0.0
268,1017.0,Unit,Bakersfield,146.7,Barstow,0.0,101.0
269,2004.0,Unit,Barstow,147.0,Stockton,99.0,0.0
270,3005.0,Unit,Stockton,147.0,Barstow,0.0,99.0
271,3008.0,Unit_Empty,Stockton,147.0,Barstow,67.0,32.0
272,2002.0,Unit,Stockton,147.0,Bakersfield,101.0,0.0
273,3012.0,Unit,Bakersfield,147.0,Stockton,0.0,101.0
274,1005.0,Unit_Empty,Stockton,147.2,Bakersfield,59.0,40.0
275,3004.0,Unit_Empty,Bakersfield,147.2,Barstow,64.0,35.0
276,1008.0,Unit_Empty,Barstow,148.8,Bakersfield,60.0,39.0
277,2008.0,Unit_Empty,Bakersfield,148.8,Stockton,63.0,36.0
278,2013.0,Intermodal,Barstow,151.2,Bakersfield,51.0,49.0
279,3010.0,Intermodal,Bakersfield,151.2,Barstow,49.0,51.0
280,1013.0,Intermodal,Barstow,152.1,Stockton,51.0,49.0
281,2010.0,Intermodal,Stockton,152.1,Barstow,49.0,51.0
282,2017.0,Unit,Barstow,153.3,Stockton,0.0,101.0
283,3007.0,Unit,Stockton,153.3,Barstow,101.0,0.0
284,2005.0,Intermodal,Stockton,153.9,Bakersfield,48.0,52.0
285,2009.0,Intermodal,Bakersfield,153.9,Stockton,52.0,48.0
286,1001.0,Unit,Barstow,154.0,Bakersfield,0.0,101.0
287,1007.0,Unit,Bakersfield,154.0,Barstow,101.0,0.0
288,1009.0,Unit_Empty,Barstow,154.5,Stockton,52.0,46.0
289,1010.0,Unit,Stockton,155.2,Bakersfield,0.0,98.0
290,2001.0,Unit,Bakersfield,155.2,Stockton,98.0,0.0
291,3015.0,Unit_Empty,Stockton,156.4,Bakersfield,59.0,40.0
292,1015.0,Unit_Empty,Bakersfield,156.4,Barstow,64.0,35.0
293,3013.0,Unit_Empty,Stockton,157.5,Barstow,67.0,32.0
294,2015.0,Unit_Empty,Barstow,158.1,Bakersfield,60.0,39.0
295,2016.0,Unit_Empty,Bakersfield,158.1,Stockton,63.0,36.0
296,2014.0,Intermodal,Barstow,159.6,Bakersfield,51.0,49.0
297,3002.0,Intermodal,Bakersfield,159.6,Barstow,49.0,51.0
298,1014.0,Intermodal,Stockton,162.0,Bakersfield,48.0,52.0
299,1006.0,Intermodal,Bakersfield,162.0,Stockton,52.0,48.0
300,3006.0,Unit,Barstow,163.0,Bakersfield,101.0,0.0
301,3011.0,Unit,Bakersfield,163.0,Barstow,0.0,101.0
302,1018.0,Intermodal,Barstow,163.8,Stockton,51.0,49.0
303,3014.0,Intermodal,Stockton,163.8,Barstow,49.0,51.0
304,3001.0,Unit_Empty,Barstow,164.8,Stockton,52.0,46.0
305,2018.0,Unit_Empty,Stockton,165.6,Bakersfield,59.0,40.0
306,1000.0,Unit_Empty,Bakersfield,165.6,Barstow,64.0,35.0
307,2007.0,Unit_Empty,Barstow,167.4,Bakersfield,60.0,39.0
308,3003.0,Unit_Empty,Bakersfield,167.4,Stockton,63.0,36.0
309,2000.0,Unit,Barstow,168.0,Stockton,99.0,0.0
310,1003.0,Intermodal,Barstow,168.0,Bakersfield,51.0,49.0
311,3016.0,Unit,Barstow,168.0,Bakersfield,0.0,101.0
312,1019.0,Unit,Stockton,168.0,Barstow,0.0,99.0
313,3018.0,Unit_Empty,Stockton,168.0,Barstow,67.0,32.0
314,1016.0,Unit,Stockton,168.0,Bakersfield,101.0,0.0
315,1002.0,Intermodal,Bakersfield,168.0,Barstow,49.0,51.0
316,3017.0,Unit,Bakersfield,168.0,Barstow,101.0,0.0
317,2011.0,Unit,Bakersfield,168.0,Stockton,0.0,101.0
318,2019.0,Intermodal,Stockton,170.1,Bakersfield,48.0,52.0
319,3019.0,Intermodal,Bakersfield,170.1,Stockton,52.0,48.0
320,2003.0,Unit,Stockton,174.6,Bakersfield,0.0,98.0
321,2012.0,Unit,Bakersfield,174.6,Stockton,98.0,0.0
322,1004.0,Unit_Empty,Stockton,174.8,Bakersfield,59.0,40.0
323,1012.0,Unit_Empty,Bakersfield,174.8,Barstow,64.0,35.0
324,2006.0,Unit_Empty,Barstow,175.1,Stockton,52.0,46.0
325,1017.0,Unit,Barstow,175.2,Stockton,0.0,101.0
326,1011.0,Unit,Stockton,175.2,Barstow,101.0,0.0
327,3009.0,Intermodal,Barstow,175.5,Stockton,51.0,49.0
328,3000.0,Intermodal,Stockton,175.5,Barstow,49.0,51.0
329,3005.0,Intermodal,Barstow,176.4,Bakersfield,51.0,49.0
330,2002.0,Intermodal,Bakersfield,176.4,Barstow,49.0,51.0
331,3008.0,Unit_Empty,Barstow,176.7,Bakersfield,60.0,39.0
332,1005.0,Unit_Empty,Bakersfield,176.7,Stockton,63.0,36.0
333,2004.0,Intermodal,Stockton,178.2,Bakersfield,48.0,52.0
334,1008.0,Intermodal,Bakersfield,178.2,Stockton,52.0,48.0
335,3012.0,Unit_Empty,Stockton,178.5,Barstow,67.0,32.0
336,3007.0,Unit,Barstow,179.3,Bakersfield,101.0,0.0
337,1001.0,Unit,Bakersfield,179.3,Barstow,0.0,101.0
338,1007.0,Unit,Barstow,182.0,Bakersfield,0.0,101.0
339,3006.0,Unit,Bakersfield,182.0,Barstow,101.0,0.0
340,2008.0,Unit_Empty,Stockton,184.0,Bakersfield,59.0,40.0
341,2013.0,Unit_Empty,Bakersfield,184.0,Barstow,64.0,35.0
342,3004.0,Intermodal,Barstow,184.8,Bakersfield,51.0,49.0
343,2005.0,Intermodal,Bakersfield,184.8,Barstow,49.0,51.0
344,3010.0,Unit_Empty,Barstow,185.4,Stockton,52.0,46.0
345,2010.0,Unit_Empty,Barstow,186.0,Bakersfield,60.0,39.0
346,1010.0,Unit_Empty,Bakersfield,186.0,Stockton,63.0,36.0
347,1013.0,Intermodal,Stockton,186.3,Bakersfield,48.0,52.0
348,3015.0,Intermodal,Bakersfield,186.3,Stockton,52.0,48.0
349,1015.0,Intermodal,Barstow,187.2,Stockton,51.0,49.0
350,2017.0,Intermodal,Stockton,187.2,Barstow,49.0,51.0
351,3013.0,Unit,Barstow,189.0,Stockton,99.0,0.0
352,2009.0,Unit,Stockton,189.0,Barstow,0.0,99.0
353,1009.0,Unit_Empty,Stockton,189.0,Barstow,67.0,32.0
354,2001.0,Unit,Stockton,189.0,Bakersfield,101.0,0.0
355,2007.0,Unit,Bakersfield,189.0,Stockton,0.0,101.0
356,3002.0,Intermodal,Barstow,193.2,Bakersfield,51.0,49.0
357,2016.0,Unit_Empty,Stockton,193.2,Bakersfield,59.0,40.0
358,2015.0,Intermodal,Bakersfield,193.2,Barstow,49.0,51.0
359,2014.0,Unit_Empty,Bakersfield,193.2,Barstow,64.0,35.0
360,1006.0,Unit,Stockton,194.0,Bakersfield,0.0,98.0
361,1014.0,Unit,Bakersfield,194.0,Stockton,98.0,0.0
362,1018.0,Intermodal,Stockton,194.4,Bakersfield,48.0,52.0
363,2018.0,Intermodal,Bakersfield,194.4,Stockton,52.0,48.0
364,3011.0,Unit_Empty,Barstow,195.3,Bakersfield,60.0,39.0
365,1003.0,Unit_Empty,Bakersfield,195.3,Stockton,63.0,36.0
366,1002.0,Unit,Barstow,195.6,Bakersfield,101.0,0.0
367,3016.0,Unit,Bakersfield,195.6,Barstow,0.0,101.0
368,3014.0,Unit_Empty,Barstow,195.7,Stockton,52.0,46.0
369,3017.0,Unit,Barstow,196.0,Bakersfield,0.0,101.0
370,1016.0,Unit,Bakersfield,196.0,Barstow,101.0,0.0
371,1012.0,Unit,Barstow,197.1,Stockton,0.0,101.0
372,3001.0,Unit,Stockton,197.1,Barstow,101.0,0.0
373,1000.0,Intermodal,Barstow,198.9,Stockton,51.0,49.0
374,3003.0,Intermodal,Stockton,198.9,Barstow,49.0,51.0
375,2000.0,Unit_Empty,Stockton,199.5,Barstow,67.0,32.0
376,1019.0,Intermodal,Barstow,201.6,Bakersfield,51.0,49.0
377,2019.0,Intermodal,Bakersfield,201.6,Barstow,49.0,51.0
378,2011.0,Unit_Empty,Stockton,202.4,Bakersfield,59.0,40.0
379,2003.0,Unit_Empty,Bakersfield,202.4,Barstow,64.0,35.0
380,3019.0,Intermodal,Stockton,202.5,Bakersfield,48.0,52.0
381,1004.0,Intermodal,Bakersfield,202.5,Stockton,52.0,48.0
382,3018.0,Unit_Empty,Barstow,204.6,Bakersfield,60.0,39.0
383,3005.0,Unit_Empty,Bakersfield,204.6,Stockton,63.0,36.0
384,1011.0,Unit_Empty,Barstow,206.0,Stockton,52.0,46.0
385,3000.0,Unit,Barstow,210.0,Stockton,99.0,0.0
386,2002.0,Intermodal,Barstow,210.0,Bakersfield,51.0,49.0
387,3012.0,Unit,Barstow,210.0,Bakersfield,0.0,101.0
388,2012.0,Unit,Stockton,210.0,Barstow,0.0,99.0
389,2006.0,Unit_Empty,Stockton,210.0,Barstow,67.0,32.0
390,1017.0,Unit,Stockton,210.0,Bakersfield,101.0,0.0
391,3008.0,Intermodal,Bakersfield,210.0,Barstow,49.0,51.0
392,3007.0,Unit,Bakersfield,210.0,Barstow,101.0,0.0
393,1007.0,Unit,Bakersfield,210.0,Stockton,0.0,101.0
394,1001.0,Intermodal,Barstow,210.6,Stockton,51.0,49.0
395,3009.0,Intermodal,Stockton,210.6,Barstow,49.0,51.0
396,1005.0,Intermodal,Stockton,210.6,Bakersfield,48.0,52.0
397,2004.0,Intermodal,Bakersfield,210.6,Stockton,52.0,48.0
398,1008.0,Unit_Empty,Stockton,211.6,Bakersfield,59.0,40.0
399,2008.0,Unit_Empty,Bakersfield,211.6,Barstow,64.0,35.0
400,3006.0,Unit,Barstow,211.9,Bakersfield,101.0,0.0
401,2001.0,Unit,Bakersfield,211.9,Barstow,0.0,101.0
402,3010.0,Unit,Stockton,213.4,Bakersfield,0.0,98.0
403,3004.0,Unit,Bakersfield,213.4,Stockton,98.0,0.0
404,2013.0,Unit_Empty,Barstow,213.9,Bakersfield,60.0,39.0
405,2010.0,Unit_Empty,Bakersfield,213.9,Stockton,63.0,36.0
406,2005.0,Unit_Empty,Barstow,216.3,Stockton,52.0,46.0
407,2017.0,Intermodal,Barstow,218.4,Bakersfield,51.0,49.0
408,1013.0,Intermodal,Bakersfield,218.4,Barstow,49.0,51.0
409,1010.0,Intermodal,Stockton,218.7,Bakersfield,48.0,52.0
410,3002.0,Intermodal,Bakersfield,218.7,Stockton,52.0,48.0
411,3016.0,Unit,Barstow,219.0,Stockton,0.0,101.0
412,2007.0,Unit,Stockton,219.0,Barstow,101.0,0.0
413,3015.0,Unit_Empty,Stockton,220.5,Barstow,67.0,32.0
414,1015.0,Unit_Empty,Stockton,220.8,Bakersfield,59.0,40.0
415,2016.0,Unit_Empty,Bakersfield,220.8,Barstow,64.0,35.0
416,2009.0,Intermodal,Barstow,222.3,Stockton,51.0,49.0
417,3013.0,Intermodal,Stockton,222.3,Barstow,49.0,51.0
418,1009.0,Unit_Empty,Barstow,223.2,Bakersfield,60.0,39.0
419,1006.0,Unit_Empty,Bakersfield,223.2,Stockton,63.0,36.0
420,1016.0,Unit,Barstow,224.0,Bakersfield,0.0,101.0
421,3011.0,Unit,Bakersfield,224.0,Barstow,101.0,0.0
422,2015.0,Unit_Empty,Barstow,226.6,Stockton,52.0,46.0
423,2014.0,Intermodal,Barstow,226.8,Bakersfield,51.0,49.0
424,1014.0,Intermodal,Stockton,226.8,Bakersfield,48.0,52.0
425,1018.0,Intermodal,Bakersfield,226.8,Barstow,49.0,51.0
426,1002.0,Intermodal,Bakersfield,226.8,Stockton,52.0,48.0
427,3001.0,Unit,Barstow,228.2,Bakersfield,101.0,0.0
428,3017.0,Unit,Bakersfield,228.2,Barstow,0.0,101.0
429,2018.0,Unit_Empty,Stockton,230.0,Bakersfield,59.0,40.0
430,1019.0,Unit_Empty,Bakersfield,230.0,Barstow,64.0,35.0
431,3003.0,Unit,Barstow,231.0,Stockton,99.0,0.0
432,1003.0,Unit,Stockton,231.0,Barstow,0.0,99.0
433,3014.0,Unit_Empty,Stockton,231.0,Barstow,67.0,32.0
434,1012.0,Unit,Stockton,231.0,Bakersfield,101.0,0.0
435,2011.0,Unit,Bakersfield,231.0,Stockton,0.0,101.0
436,2000.0,Unit_Empty,Barstow,232.5,Bakersfield,60.0,39.0
437,3019.0,Unit_Empty,Bakersfield,232.5,Stockton,63.0,36.0
438,1000.0,Unit,Stockton,232.8,Bakersfield,0.0,98.0
439,3018.0,Unit,Bakersfield,232.8,Stockton,98.0,0.0
440,2019.0,Intermodal,Barstow,234.0,Stockton,51.0,49.0
441,1004.0,Intermodal,Stockton,234.0,Barstow,49.0,51.0
442,3005.0,Intermodal,Stockton,234.9,Bakersfield,48.0,52.0
443,2002.0,Intermodal,Bakersfield,234.9,Stockton,52.0,48.0
444,2003.0,Intermodal,Barstow,235.2,Bakersfield,51.0,49.0
445,3012.0,Intermodal,Bakersfield,235.2,Barstow,49.0,51.0
446,2012.0,Unit_Empty,Barstow,236.9,Stockton,52.0,46.0
447,2006.0,Unit,Barstow,238.0,Bakersfield,0.0,101.0
448,1017.0,Unit,Bakersfield,238.0,Barstow,101.0,0.0
449,1011.0,Unit_Empty,Stockton,239.2,Bakersfield,59.0,40.0
450,1005.0,Unit_Empty,Bakersfield,239.2,Barstow,64.0,35.0
451,3007.0,Unit,Barstow,240.9,Stockton,0.0,101.0
452,1007.0,Unit,Stockton,240.9,Barstow,101.0,0.0
453,3000.0,Unit_Empty,Stockton,241.5,Barstow,67.0,32.0
454,3008.0,Unit_Empty,Barstow,241.8,Bakersfield,60.0,39.0
455,1008.0,Unit_Empty,Bakersfield,241.8,Stockton,63.0,36.0
456,1001.0,Intermodal,Stockton,243.0,Bakersfield,48.0,52.0
457,3006.0,Intermodal,Bakersfield,243.0,Stockton,52.0,48.0
458,3009.0,Intermodal,Barstow,243.6,Bakersfield,51.0,49.0
459,3010.0,Intermodal,Bakersfield,243.6,Barstow,49.0,51.0
460,2001.0,Unit,Barstow,244.5,Bakersfield,101.0,0.0
461,2017.0,Unit,Bakersfield,244.5,Barstow,0.0,101.0
462,2008.0,Intermodal,Barstow,245.7,Stockton,51.0,49.0
463,2004.0,Intermodal,Stockton,245.7,Barstow,49.0,51.0
464,1013.0,Unit_Empty,Barstow,247.2,Stockton,52.0,46.0
465,3004.0,Unit_Empty,Stockton,248.4,Bakersfield,59.0,40.0
466,2013.0,Unit_Empty,Bakersfield,248.4,Barstow,64.0,35.0
467,2007.0,Unit_Empty,Barstow,251.1,Bakersfield,60.0,39.0
468,2010.0,Intermodal,Stockton,251.1,Bakersfield,48.0,52.0
469,1010.0,Intermodal,Bakersfield,251.1,Stockton,52.0,48.0
470,1015.0,Unit_Empty,Bakersfield,251.1,Stockton,63.0,36.0
471,3015.0,Unit,Barstow,252.0,Stockton,99.0,0.0
472,2016.0,Intermodal,Barstow,252.0,Bakersfield,51.0,49.0
473,3011.0,Unit,Barstow,252.0,Bakersfield,0.0,101.0
474,2005.0,Unit,Stockton,252.0,Barstow,0.0,99.0
475,3002.0,Unit_Empty,Stockton,252.0,Barstow,67.0,32.0
476,3016.0,Unit,Stockton,252.0,Bakersfield,101.0,0.0
477,1009.0,Intermodal,Bakersfield,252.0,Barstow,49.0,51.0
478,1016.0,Unit,Bakersfield,252.0,Barstow,101.0,0.0
479,3001.0,Unit,Bakersfield,252.0,Stockton,0.0,101.0
480,2009.0,Unit,Stockton,252.2,Bakersfield,0.0,98.0
481,2014.0,Unit,Bakersfield,252.2,Stockton,98.0,0.0
482,3013.0,Intermodal,Barstow,257.4,Stockton,51.0,49.0
483,1006.0,Intermodal,Stockton,257.4,Barstow,49.0,51.0
484,1018.0,Unit_Empty,Barstow,257.5,Stockton,52.0,46.0
485,2015.0,Unit_Empty,Stockton,257.6,Bakersfield,59.0,40.0
486,1014.0,Unit_Empty,Bakersfield,257.6,Barstow,64.0,35.0
487,1002.0,Intermodal,Stockton,259.2,Bakersfield,48.0,52.0
488,2018.0,Intermodal,Bakersfield,259.2,Stockton,52.0,48.0
489,3017.0,Intermodal,Barstow,260.4,Bakersfield,51.0,49.0
490,1019.0,Unit_Empty,Barstow,260.4,Bakersfield,60.0,39.0
491,1012.0,Intermodal,Bakersfield,260.4,Barstow,49.0,51.0
492,2000.0,Unit_Empty,Bakersfield,260.4,Stockton,63.0,36.0
493,3012.0,Unit,Barstow,260.8,Bakersfield,101.0,0.0
494,2006.0,Unit,Bakersfield,260.8,Barstow,0.0,101.0
495,3003.0,Unit_Empty,Stockton,262.5,Barstow,67.0,32.0
496,1017.0,Unit,Barstow,262.8,Stockton,0.0,101.0
497,2011.0,Unit,Stockton,262.8,Barstow,101.0,0.0
498,1007.0,Unit,Barstow,266.0,Bakersfield,0.0,101.0
499,1011.0,Unit,Bakersfield,266.0,Barstow,101.0,0.0
500,3019.0,Unit_Empty,Stockton,266.8,Bakersfield,59.0,40.0
501,1000.0,Unit_Empty,Bakersfield,266.8,Barstow,64.0,35.0
502,3018.0,Intermodal,Stockton,267.3,Bakersfield,48.0,52.0
503,3005.0,Intermodal,Bakersfield,267.3,Stockton,52.0,48.0
504,1003.0,Unit_Empty,Barstow,267.8,Stockton,52.0,46.0
505,3014.0,Intermodal,Barstow,268.8,Bakersfield,51.0,49.0
506,2003.0,Intermodal,Bakersfield,268.8,Barstow,49.0,51.0
507,1004.0,Intermodal,Barstow,269.1,Stockton,51.0,49.0
508,2019.0,Intermodal,Stockton,269.1,Barstow,49.0,51.0
509,1005.0,Unit_Empty,Barstow,269.7,Bakersfield,60.0,39.0
510,3008.0,Unit_Empty,Bakersfield,269.7,Stockton,63.0,36.0
511,2002.0,Unit,Stockton,271.6,Bakersfield,0.0,98.0
512,1001.0,Unit,Bakersfield,271.6,Stockton,98.0,0.0
513,3000.0,Unit,Barstow,273.0,Stockton,99.0,0.0
514,2012.0,Unit,Stockton,273.0,Barstow,0.0,99.0
515,3007.0,Unit_Empty,Stockton,273.0,Barstow,67.0,32.0
516,3006.0,Unit,Stockton,273.0,Bakersfield,101.0,0.0
517,2001.0,Unit,Bakersfield,273.0,Stockton,0.0,101.0
518,1008.0,Intermodal,Stockton,275.4,Bakersfield,48.0,52.0
519,3009.0,Intermodal,Bakersfield,275.4,Stockton,52.0,48.0
520,2008.0,Unit_Empty,Stockton,276.0,Bakersfield,59.0,40.0
521,3004.0,Unit_Empty,Bakersfield,276.0,Barstow,64.0,35.0
522,2017.0,Unit,Barstow,277.1,Bakersfield,101.0,0.0
523,2007.0,Unit,Bakersfield,277.1,Barstow,0.0,101.0
524,3010.0,Intermodal,Barstow,277.2,Bakersfield,51.0,49.0
525,2010.0,Intermodal,Bakersfield,277.2,Barstow,49.0,51.0
526,2004.0,Unit_Empty,Barstow,278.1,Stockton,52.0,46.0
527,2013.0,Unit_Empty,Barstow,279.0,Bakersfield,60.0,39.0
528,2016.0,Unit_Empty,Bakersfield,279.0,Stockton,63.0,36.0
529,3002.0,Unit,Barstow,280.0,Bakersfield,0.0,101.0
530,3011.0,Unit,Bakersfield,280.0,Barstow,101.0,0.0
531,2005.0,Intermodal,Barstow,280.8,Stockton,51.0,49.0
532,1013.0,Intermodal,Stockton,280.8,Barstow,49.0,51.0
533,1010.0,Unit_Empty,Stockton,283.5,Barstow,67.0,32.0
534,1015.0,Intermodal,Stockton,283.5,Bakersfield,48.0,52.0
535,3016.0,Intermodal,Bakersfield,283.5,Stockton,52.0,48.0
536,1016.0,Unit,Barstow,284.7,Stockton,0.0,101.0
537,3001.0,Unit,Stockton,284.7,Barstow,101.0,0.0
538,3015.0,Unit_Empty,Stockton,285.2,Bakersfield,59.0,40.0
539,2009.0,Unit_Empty,Bakersfield,285.2,Barstow,64.0,35.0
540,1009.0,Intermodal,Barstow,285.6,Bakersfield,51.0,49.0
541,2015.0,Intermodal,Bakersfield,285.6,Barstow,49.0,51.0
542,1006.0,Unit_Empty,Barstow,288.3,Bakersfield,60.0,39.0
543,1002.0,Unit_Empty,Bakersfield,288.3,Stockton,63.0,36.0
544,1014.0,Unit_Empty,Barstow,288.4,Stockton,52.0,46.0
545,2014.0,Unit,Stockton,291.0,Bakersfield,0.0,98.0
546,3017.0,Unit,Bakersfield,291.0,Stockton,98.0,0.0
547,3013.0,Intermodal,Stockton,291.6,Bakersfield,48.0,52.0
548,1019.0,Intermodal,Bakersfield,291.6,Stockton,52.0,48.0
549,1012.0,Intermodal,Barstow,292.5,Stockton,51.0,49.0
550,1018.0,Intermodal,Stockton,292.5,Barstow,49.0,51.0
551,2006.0,Unit,Barstow,293.4,Bakersfield,101.0,0.0
552,3012.0,Unit,Bakersfield,293.4,Barstow,0.0,101.0
553,3003.0,Unit,Barstow,294.0,Stockton,99.0,0.0
554,2011.0,Intermodal,Barstow,294.0,Bakersfield,51.0,49.0
555,1011.0,Unit,Barstow,294.0,Bakersfield,0.0,101.0
556,2018.0,Unit,Stockton,294.0,Barstow,0.0,99.0
557,2000.0,Unit_Empty,Stockton,294.0,Barstow,67.0,32.0
558,1017.0,Unit,Stockton,294.0,Bakersfield,101.0,0.0
559,1007.0,Intermodal,Bakersfield,294.0,Barstow,49.0,51.0
560,2002.0,Unit,Bakersfield,294.0,Barstow,101.0,0.0
561,3006.0,Unit,Bakersfield,294.0,Stockton,0.0,101.0
562,3005.0,Unit_Empty,Stockton,294.4,Bakersfield,59.0,40.0
563,3019.0,Unit_Empty,Bakersfield,294.4,Barstow,64.0,35.0
564,1000.0,Unit_Empty,Barstow,297.6,Bakersfield,60.0,39.0
565,3018.0,Unit_Empty,Bakersfield,297.6,Stockton,63.0,36.0
566,2003.0,Unit_Empty,Barstow,298.7,Stockton,52.0,46.0
567,1003.0,Intermodal,Stockton,299.7,Bakersfield,48.0,52.0
568,3014.0,Intermodal,Bakersfield,299.7,Stockton,52.0,48.0
569,2019.0,Intermodal,Barstow,302.4,Bakersfield,51.0,49.0
570,1005.0,Intermodal,Bakersfield,302.4,Barstow,49.0,51.0
571,1004.0,Unit_Empty,Stockton,303.6,Bakersfield,59.0,40.0
572,1008.0,Unit_Empty,Bakersfield,303.6,Barstow,64.0,35.0
573,2012.0,Intermodal,Barstow,304.2,Stockton,51.0,49.0
574,3008.0,Intermodal,Stockton,304.2,Barstow,49.0,51.0
575,1001.0,Unit_Empty,Stockton,304.5,Barstow,67.0,32.0
576,3007.0,Unit,Barstow,306.6,Stockton,0.0,101.0
577,2001.0,Unit,Stockton,306.6,Barstow,101.0,0.0
578,3004.0,Unit_Empty,Barstow,306.9,Bakersfield,60.0,39.0
579,2008.0,Unit_Empty,Bakersfield,306.9,Stockton,63.0,36.0
580,3000.0,Intermodal,Stockton,307.8,Bakersfield,48.0,52.0
581,2017.0,Intermodal,Bakersfield,307.8,Stockton,52.0,48.0
582,2007.0,Unit,Barstow,308.0,Bakersfield,0.0,101.0
583,3002.0,Unit,Bakersfield,308.0,Barstow,101.0,0.0
584,2010.0,Unit_Empty,Barstow,309.0,Stockton,52.0,46.0
585,3011.0,Unit,Barstow,309.7,Bakersfield,101.0,0.0
586,1006.0,Unit,Bakersfield,309.7,Barstow,0.0,101.0
587,3009.0,Unit,Stockton,310.4,Bakersfield,0.0,98.0
588,3010.0,Unit,Bakersfield,310.4,Stockton,98.0,0.0
589,1013.0,Intermodal,Barstow,310.8,Bakersfield,51.0,49.0
590,2013.0,Intermodal,Bakersfield,310.8,Barstow,49.0,51.0
591,2004.0,Unit_Empty,Stockton,312.8,Bakersfield,59.0,40.0
592,1015.0,Unit_Empty,Bakersfield,312.8,Barstow,64.0,35.0
593,1010.0,Unit,Barstow,315.0,Stockton,99.0,0.0
594,2016.0,Unit,Stockton,315.0,Barstow,0.0,99.0
595,2005.0,Unit_Empty,Stockton,315.0,Barstow,67.0,32.0
596,3016.0,Unit,Stockton,315.0,Bakersfield,101.0,0.0
597,2006.0,Unit,Bakersfield,315.0,Stockton,0.0,101.0
598,3001.0,Intermodal,Barstow,315.9,Stockton,51.0,49.0
599,1016.0,Intermodal,Stockton,315.9,Barstow,49.0,51.0
600,1002.0,Intermodal,Stockton,315.9,Bakersfield,48.0,52.0
601,3015.0,Intermodal,Bakersfield,315.9,Stockton,52.0,48.0
602,2009.0,Unit_Empty,Barstow,316.2,Bakersfield,60.0,39.0
603,1009.0,Unit_Empty,Bakersfield,316.2,Stockton,63.0,36.0
604,2015.0,Intermodal,Barstow,319.2,Bakersfield,51.0,49.0
605,2014.0,Intermodal,Bakersfield,319.2,Barstow,49.0,51.0
606,1018.0,Unit_Empty,Barstow,319.3,Stockton,52.0,46.0
607,3012.0,Unit,Barstow,322.0,Bakersfield,0.0,101.0
608,1014.0,Unit_Empty,Stockton,322.0,Bakersfield,59.0,40.0
609,2011.0,Unit,Bakersfield,322.0,Barstow,101.0,0.0
610,3013.0,Unit_Empty,Bakersfield,322.0,Barstow,64.0,35.0
611,3017.0,Intermodal,Stockton,324.0,Bakersfield,48.0,52.0
612,1011.0,Intermodal,Bakersfield,324.0,Stockton,52.0,48.0
613,2018.0,Unit_Empty,Barstow,325.5,Bakersfield,60.0,39.0
614,1019.0,Unit_Empty,Stockton,325.5,Barstow,67.0,32.0
615,1017.0,Unit_Empty,Bakersfield,325.5,Stockton,63.0,36.0
616,1007.0,Unit,Barstow,326.0,Bakersfield,101.0,0.0
617,2007.0,Unit,Bakersfield,326.0,Barstow,0.0,101.0
618,2000.0,Intermodal,Barstow,327.6,Stockton,51.0,49.0
619,2002.0,Intermodal,Barstow,327.6,Bakersfield,51.0,49.0
620,1012.0,Intermodal,Stockton,327.6,Barstow,49.0,51.0
621,3005.0,Intermodal,Bakersfield,327.6,Barstow,49.0,51.0
622,1001.0,Unit,Barstow,328.5,Stockton,0.0,101.0
623,3006.0,Unit,Stockton,328.5,Barstow,101.0,0.0
624,3019.0,Unit_Empty,Barstow,329.6,Stockton,52.0,46.0
625,3003.0,Unit,Stockton,329.8,Bakersfield,0.0,98.0
626,1000.0,Unit,Bakersfield,329.8,Stockton,98.0,0.0
627,3018.0,Unit_Empty,Stockton,331.2,Bakersfield,59.0,40.0
628,1003.0,Unit_Empty,Bakersfield,331.2,Barstow,64.0,35.0
629,2003.0,Intermodal,Stockton,332.1,Bakersfield,48.0,52.0
630,2019.0,Intermodal,Bakersfield,332.1,Stockton,52.0,48.0
631,1005.0,Unit_Empty,Barstow,334.8,Bakersfield,60.0,39.0
632,1004.0,Unit_Empty,Bakersfield,334.8,Stockton,63.0,36.0
633,1008.0,Unit,Barstow,336.0,Stockton,99.0,0.0
634,3008.0,Intermodal,Barstow,336.0,Bakersfield,51.0,49.0
635,2001.0,Unit,Barstow,336.0,Bakersfield,0.0,101.0
636,3014.0,Unit,Stockton,336.0,Barstow,0.0,99.0
637,2012.0,Unit_Empty,Stockton,336.0,Barstow,67.0,32.0
638,3007.0,Unit,Stockton,336.0,Bakersfield,101.0,0.0
639,3004.0,Intermodal,Bakersfield,336.0,Barstow,49.0,51.0
640,3011.0,Unit,Bakersfield,336.0,Barstow,101.0,0.0
641,3016.0,Unit,Bakersfield,336.0,Stockton,0.0,101.0
642,3002.0,Intermodal,Barstow,339.3,Stockton,51.0,49.0
643,2008.0,Intermodal,Stockton,339.3,Barstow,49.0,51.0
644,1006.0,Unit_Empty,Barstow,339.9,Stockton,52.0,46.0
645,2017.0,Intermodal,Stockton,340.2,Bakersfield,48.0,52.0
646,3000.0,Intermodal,Bakersfield,340.2,Stockton,52.0,48.0
647,2010.0,Unit_Empty,Stockton,340.4,Bakersfield,59.0,40.0
648,3009.0,Unit_Empty,Bakersfield,340.4,Barstow,64.0,35.0
649,2016.0,Unit,Barstow,342.3,Bakersfield,101.0,0.0
650,1002.0,Unit,Bakersfield,342.3,Barstow,0.0,101.0
651,2013.0,Unit_Empty,Barstow,344.1,Bakersfield,60.0,39.0
652,1013.0,Unit_Empty,Bakersfield,344.1,Stockton,63.0,36.0
653,1015.0,Intermodal,Barstow,344.4,Bakersfield,51.0,49.0
654,2004.0,Intermodal,Bakersfield,344.4,Barstow,49.0,51.0
655,3010.0,Unit_Empty,Stockton,346.5,Barstow,67.0,32.0
656,1010.0,Intermodal,Stockton,348.3,Bakersfield,48.0,52.0
657,2009.0,Intermodal,Bakersfield,348.3,Stockton,52.0,48.0
658,2006.0,Unit,Stockton,349.2,Bakersfield,0.0,98.0
659,2015.0,Unit,Bakersfield,349.2,Stockton,98.0,0.0
660,3001.0,Unit_Empty,Stockton,349.6,Bakersfield,59.0,40.0
661,3012.0,Unit_Empty,Bakersfield,349.6,Barstow,64.0,35.0
662,1016.0,Unit,Barstow,350.0,Bakersfield,0.0,101.0
663,3017.0,Unit,Bakersfield,350.0,Barstow,101.0,0.0
664,2005.0,Unit_Empty,Barstow,350.2,Stockton,52.0,46.0
665,2011.0,Unit,Barstow,350.4,Stockton,0.0,101.0
666,1011.0,Unit,Stockton,350.4,Barstow,101.0,0.0
667,2014.0,Intermodal,Barstow,351.0,Stockton,51.0,49.0
668,3015.0,Intermodal,Stockton,351.0,Barstow,49.0,51.0
669,3013.0,Intermodal,Barstow,352.8,Bakersfield,51.0,49.0
670,1014.0,Intermodal,Bakersfield,352.8,Barstow,49.0,51.0
671,1019.0,Unit_Empty,Barstow,353.4,Bakersfield,60.0,39.0
672,2018.0,Unit_Empty,Bakersfield,353.4,Stockton,63.0,36.0
673,1009.0,Intermodal,Stockton,356.4,Bakersfield,48.0,52.0
674,1007.0,Intermodal,Bakersfield,356.4,Stockton,52.0,48.0
675,2007.0,Unit,Barstow,357.0,Stockton,99.0,0.0
676,1018.0,Unit,Stockton,357.0,Barstow,0.0,99.0
677,1017.0,Unit_Empty,Stockton,357.0,Barstow,67.0,32.0
678,1001.0,Unit,Stockton,357.0,Bakersfield,101.0,0.0
679,2002.0,Unit,Bakersfield,357.0,Stockton,0.0,101.0
680,1012.0,Unit,Barstow,358.6,Bakersfield,101.0,0.0
681,2001.0,Unit,Bakersfield,358.6,Barstow,0.0,101.0
682,2000.0,Unit_Empty,Stockton,358.8,Bakersfield,59.0,40.0
683,3003.0,Unit_Empty,Bakersfield,358.8,Barstow,64.0,35.0
684,3005.0,Unit_Empty,Barstow,360.5,Stockton,52.0,46.0
685,3006.0,Intermodal,Barstow,361.2,Bakersfield,51.0,49.0
686,3018.0,Intermodal,Bakersfield,361.2,Barstow,49.0,51.0
687,1003.0,Intermodal,Barstow,362.7,Stockton,51.0,49.0
688,3014.0,Unit_Empty,Barstow,362.7,Bakersfield,60.0,39.0
689,3019.0,Intermodal,Stockton,362.7,Barstow,49.0,51.0
690,2003.0,Unit_Empty,Bakersfield,362.7,Stockton,63.0,36.0
691,2012.0,Unit,Barstow,364.0,Bakersfield,0.0,101.0
692,3007.0,Unit,Bakersfield,364.0,Barstow,101.0,0.0
693,1000.0,Intermodal,Stockton,364.5,Bakersfield,48.0,52.0
694,1005.0,Intermodal,Bakersfield,364.5,Stockton,52.0,48.0
695,2019.0,Unit_Empty,Stockton,367.5,Barstow,67.0,32.0
696,1004.0,Unit_Empty,Stockton,368.0,Bakersfield,59.0,40.0
697,3008.0,Unit_Empty,Bakersfield,368.0,Barstow,64.0,35.0
698,1008.0,Unit,Stockton,368.6,Bakersfield,0.0,98.0
699,2017.0,Unit,Bakersfield,368.6,Stockton,98.0,0.0
700,3004.0,Intermodal,Barstow,369.6,Bakersfield,51.0,49.0
701,2010.0,Intermodal,Bakersfield,369.6,Barstow,49.0,51.0
702,3011.0,Unit_Empty,Barstow,370.8,Stockton,52.0,46.0
703,2008.0,Unit_Empty,Barstow,372.0,Bakersfield,60.0,39.0
704,2016.0,Unit_Empty,Bakersfield,372.0,Stockton,63.0,36.0
705,1002.0,Unit,Barstow,372.3,Stockton,0.0,101.0
706,3016.0,Unit,Stockton,372.3,Barstow,101.0,0.0
707,3002.0,Intermodal,Stockton,372.6,Bakersfield,48.0,52.0
708,2013.0,Intermodal,Bakersfield,372.6,Stockton,52.0,48.0
709,3009.0,Intermodal,Barstow,374.4,Stockton,51.0,49.0
710,1006.0,Intermodal,Stockton,374.4,Barstow,49.0,51.0
711,3012.0,Unit,Barstow,374.9,Bakersfield,101.0,0.0
712,2006.0,Unit,Bakersfield,374.9,Barstow,0.0,101.0
713,3000.0,Unit_Empty,Stockton,377.2,Bakersfield,59.0,40.0
714,1015.0,Unit_Empty,Bakersfield,377.2,Barstow,64.0,35.0
715,2004.0,Unit,Barstow,378.0,Stockton,99.0,0.0
716,3010.0,Intermodal,Barstow,378.0,Bakersfield,51.0,49.0
717,3017.0,Unit,Barstow,378.0,Bakersfield,0.0,101.0
718,1013.0,Unit,Stockton,378.0,Barstow,0.0,99.0
719,2009.0,Unit_Empty,Stockton,378.0,Barstow,67.0,32.0
720,2011.0,Unit,Stockton,378.0,Bakersfield,101.0,0.0
721,1010.0,Intermodal,Bakersfield,378.0,Barstow,49.0,51.0
722,3001.0,Unit,Bakersfield,378.0,Barstow,101.0,0.0
723,1016.0,Unit,Bakersfield,378.0,Stockton,0.0,101.0
724,2015.0,Intermodal,Stockton,380.7,Bakersfield,48.0,52.0
725,3013.0,Intermodal,Bakersfield,380.7,Stockton,52.0,48.0
726,1011.0,Unit_Empty,Barstow,381.1,Stockton,52.0,46.0
727,3015.0,Unit_Empty,Barstow,381.3,Bakersfield,60.0,39.0
728,1019.0,Unit_Empty,Bakersfield,381.3,Stockton,63.0,36.0
729,1014.0,Intermodal,Barstow,386.1,Stockton,51.0,49.0
730,2005.0,Intermodal,Stockton,386.1,Barstow,49.0,51.0
731,1018.0,Intermodal,Barstow,386.4,Bakersfield,51.0,49.0
732,2014.0,Unit_Empty,Stockton,386.4,Bakersfield,59.0,40.0
733,1009.0,Intermodal,Bakersfield,386.4,Barstow,49.0,51.0
734,1001.0,Unit_Empty,Bakersfield,386.4,Barstow,64.0,35.0
735,2018.0,Unit,Stockton,388.0,Bakersfield,0.0,98.0
736,1012.0,Unit,Bakersfield,388.0,Stockton,98.0,0.0
737,1007.0,Unit_Empty,Stockton,388.5,Barstow,67.0,32.0
738,2007.0,Intermodal,Stockton,388.8,Bakersfield,48.0,52.0
739,2000.0,Intermodal,Bakersfield,388.8,Stockton,52.0,48.0
740,1017.0,Unit_Empty,Barstow,390.6,Bakersfield,60.0,39.0
741,3006.0,Unit_Empty,Bakersfield,390.6,Stockton,63.0,36.0
742,2001.0,Unit,Barstow,391.2,Bakersfield,101.0,0.0
743,2012.0,Unit,Bakersfield,391.2,Barstow,0.0,101.0
744,3003.0,Unit_Empty,Barstow,391.4,Stockton,52.0,46.0
745,3007.0,Unit,Barstow,392.0,Bakersfield,0.0,101.0
746,3002.0,Unit,Bakersfield,392.0,Barstow,101.0,0.0
747,3016.0,Unit,Barstow,394.2,Stockton,0.0,101.0
748,2002.0,Unit,Stockton,394.2,Barstow,101.0,0.0
749,3018.0,Intermodal,Barstow,394.8,Bakersfield,51.0,49.0
750,3014.0,Intermodal,Bakersfield,394.8,Barstow,49.0,51.0
751,3005.0,Unit_Empty,Stockton,395.6,Bakersfield,59.0,40.0
752,1000.0,Unit_Empty,Bakersfield,395.6,Barstow,64.0,35.0
753,1003.0,Intermodal,Stockton,396.9,Bakersfield,48.0,52.0
754,1004.0,Intermodal,Bakersfield,396.9,Stockton,52.0,48.0
755,3019.0,Intermodal,Barstow,397.8,Stockton,51.0,49.0
756,2003.0,Intermodal,Stockton,397.8,Barstow,49.0,51.0
757,2019.0,Unit,Barstow,399.0,Stockton,99.0,0.0
758,1005.0,Unit,Stockton,399.0,Barstow,0.0,99.0
759,2017.0,Unit_Empty,Stockton,399.0,Barstow,67.0,32.0
760,3011.0,Unit,Stockton,399.0,Bakersfield,101.0,0.0
761,3012.0,Unit,Bakersfield,399.0,Stockton,0.0,101.0
762,3008.0,Unit_Empty,Barstow,399.9,Bakersfield,60.0,39.0
763,1008.0,Unit_Empty,Bakersfield,399.9,Stockton,63.0,36.0
764,2010.0,Unit_Empty,Barstow,401.7,Stockton,52.0,46.0
765,1006.0,Intermodal,Barstow,403.2,Bakersfield,51.0,49.0
766,3004.0,Intermodal,Bakersfield,403.2,Barstow,49.0,51.0
767,2016.0,Unit_Empty,Stockton,404.8,Bakersfield,59.0,40.0
768,2008.0,Unit_Empty,Bakersfield,404.8,Barstow,64.0,35.0
769,1002.0,Intermodal,Stockton,405.0,Bakersfield,48.0,52.0
770,3000.0,Intermodal,Bakersfield,405.0,Stockton,52.0,48.0
771,2006.0,Unit,Barstow,406.0,Bakersfield,0.0,101.0
772,3017.0,Unit,Bakersfield,406.0,Barstow,101.0,0.0
773,2013.0,Unit,Stockton,407.4,Bakersfield,0.0,98.0
774,3010.0,Unit,Bakersfield,407.4,Stockton,98.0,0.0
775,3001.0,Unit,Barstow,407.5,Bakersfield,101.0,0.0
776,2011.0,Unit,Bakersfield,407.5,Barstow,0.0,101.0
777,1015.0,Unit_Empty,Barstow,409.2,Bakersfield,60.0,39.0
778,2015.0,Unit_Empty,Bakersfield,409.2,Stockton,63.0,36.0
779,1013.0,Intermodal,Barstow,409.5,Stockton,51.0,49.0
780,3009.0,Intermodal,Stockton,409.5,Barstow,49.0,51.0
781,2004.0,Unit_Empty,Stockton,409.5,Barstow,67.0,32.0
782,2009.0,Intermodal,Barstow,411.6,Bakersfield,51.0,49.0
783,3015.0,Intermodal,Bakersfield,411.6,Barstow,49.0,51.0
784,1010.0,Unit_Empty,Barstow,412.0,Stockton,52.0,46.0
785,1016.0,Intermodal,Stockton,413.1,Bakersfield,48.0,52.0
786,1018.0,Intermodal,Bakersfield,413.1,Stockton,52.0,48.0
787,3013.0,Unit_Empty,Stockton,414.0,Bakersfield,59.0,40.0
788,2014.0,Unit_Empty,Bakersfield,414.0,Barstow,64.0,35.0
789,1001.0,Unit,Barstow,416.1,Stockton,0.0,101.0
790,1011.0,Unit,Stockton,416.1,Barstow,101.0,0.0
791,2005.0,Unit_Empty,Barstow,418.5,Bakersfield,60.0,39.0
792,2018.0,Unit_Empty,Bakersfield,418.5,Stockton,63.0,36.0
793,1009.0,Unit,Barstow,420.0,Stockton,99.0,0.0
794,1007.0,Intermodal,Barstow,420.0,Bakersfield,51.0,49.0
795,2012.0,Unit,Barstow,420.0,Bakersfield,0.0,101.0
796,1019.0,Unit,Stockton,420.0,Barstow,0.0,99.0
797,1014.0,Unit_Empty,Stockton,420.0,Barstow,67.0,32.0
798,1012.0,Unit,Stockton,420.0,Bakersfield,101.0,0.0
799,2007.0,Intermodal,Bakersfield,420.0,Barstow,49.0,51.0
800,1017.0,Unit,Bakersfield,420.0,Barstow,101.0,0.0
801,2001.0,Unit,Bakersfield,420.0,Stockton,0.0,101.0
802,3002.0,Intermodal,Barstow,421.2,Stockton,51.0,49.0
803,2000.0,Intermodal,Stockton,421.2,Barstow,49.0,51.0
804,3006.0,Intermodal,Stockton,421.2,Bakersfield,48.0,52.0
805,3007.0,Intermodal,Bakersfield,421.2,Stockton,52.0,48.0
806,2002.0,Unit_Empty,Barstow,422.3,Stockton,52.0,46.0
807,3003.0,Unit_Empty,Stockton,423.2,Bakersfield,59.0,40.0
808,3018.0,Unit_Empty,Bakersfield,423.2,Barstow,64.0,35.0
809,2017.0,Unit,Barstow,423.8,Bakersfield,101.0,0.0
810,3011.0,Unit,Bakersfield,423.8,Barstow,0.0,101.0
811,3016.0,Unit,Stockton,426.8,Bakersfield,0.0,98.0
812,3005.0,Unit,Bakersfield,426.8,Stockton,98.0,0.0
813,3014.0,Unit_Empty,Barstow,427.8,Bakersfield,60.0,39.0
814,1003.0,Unit_Empty,Bakersfield,427.8,Stockton,63.0,36.0
815,1000.0,Intermodal,Barstow,428.4,Bakersfield,51.0,49.0
816,3008.0,Intermodal,Bakersfield,428.4,Barstow,49.0,51.0
817,1004.0,Intermodal,Stockton,429.3,Bakersfield,48.0,52.0
818,1006.0,Intermodal,Bakersfield,429.3,Stockton,52.0,48.0
819,3019.0,Unit_Empty,Stockton,430.5,Barstow,67.0,32.0
820,2019.0,Unit_Empty,Stockton,432.4,Bakersfield,59.0,40.0
821,2016.0,Unit_Empty,Bakersfield,432.4,Barstow,64.0,35.0
822,2003.0,Unit_Empty,Barstow,432.6,Stockton,52.0,46.0
823,1005.0,Intermodal,Barstow,432.9,Stockton,51.0,49.0
824,3012.0,Intermodal,Stockton,432.9,Barstow,49.0,51.0
825,3017.0,Unit,Barstow,434.0,Bakersfield,0.0,101.0
826,1002.0,Unit,Bakersfield,434.0,Barstow,101.0,0.0
827,3004.0,Intermodal,Barstow,436.8,Bakersfield,51.0,49.0
828,2006.0,Intermodal,Bakersfield,436.8,Barstow,49.0,51.0
829,2008.0,Unit_Empty,Barstow,437.1,Bakersfield,60.0,39.0
830,2013.0,Unit_Empty,Bakersfield,437.1,Stockton,63.0,36.0
831,1008.0,Intermodal,Stockton,437.4,Bakersfield,48.0,52.0
832,3001.0,Intermodal,Bakersfield,437.4,Stockton,52.0,48.0
833,2011.0,Unit,Barstow,438.0,Stockton,0.0,101.0
834,1001.0,Unit,Stockton,438.0,Barstow,101.0,0.0
835,1011.0,Unit,Barstow,440.1,Bakersfield,101.0,0.0
836,1016.0,Unit,Bakersfield,440.1,Barstow,0.0,101.0
837,3009.0,Unit,Barstow,441.0,Stockton,99.0,0.0
838,2010.0,Unit,Stockton,441.0,Barstow,0.0,99.0
839,3000.0,Unit_Empty,Stockton,441.0,Barstow,67.0,32.0
840,2001.0,Unit,Stockton,441.0,Bakersfield,101.0,0.0
841,1007.0,Unit,Bakersfield,441.0,Stockton,0.0,101.0
842,3010.0,Unit_Empty,Stockton,441.6,Bakersfield,59.0,40.0
843,1015.0,Unit_Empty,Bakersfield,441.6,Barstow,64.0,35.0
844,2004.0,Unit_Empty,Barstow,442.9,Stockton,52.0,46.0
845,3015.0,Intermodal,Barstow,444.6,Stockton,51.0,49.0
846,2015.0,Intermodal,Stockton,444.6,Barstow,49.0,51.0
847,2014.0,Intermodal,Barstow,445.2,Bakersfield,51.0,49.0
848,2009.0,Intermodal,Bakersfield,445.2,Barstow,49.0,51.0
849,1013.0,Intermodal,Stockton,445.5,Bakersfield,48.0,52.0
850,3013.0,Intermodal,Bakersfield,445.5,Stockton,52.0,48.0
851,1010.0,Unit,Stockton,446.2,Bakersfield,0.0,98.0
852,2005.0,Unit,Bakersfield,446.2,Stockton,98.0,0.0
853,1019.0,Unit_Empty,Barstow,446.4,Bakersfield,60.0,39.0
854,2012.0,Unit_Empty,Bakersfield,446.4,Stockton,63.0,36.0
855,2007.0,Unit,Barstow,448.0,Bakersfield,0.0,101.0
856,1012.0,Unit,Bakersfield,448.0,Barstow,101.0,0.0
857,1018.0,Unit_Empty,Stockton,450.8,Bakersfield,59.0,40.0
858,3006.0,Unit_Empty,Bakersfield,450.8,Barstow,64.0,35.0
859,2018.0,Unit_Empty,Stockton,451.5,Barstow,67.0,32.0
860,1014.0,Unit_Empty,Barstow,453.2,Stockton,52.0,46.0
861,1017.0,Intermodal,Barstow,453.6,Bakersfield,51.0,49.0
862,1009.0,Intermodal,Stockton,453.6,Bakersfield,48.0,52.0
863,3003.0,Intermodal,Bakersfield,453.6,Barstow,49.0,51.0
864,2017.0,Intermodal,Bakersfield,453.6,Stockton,52.0,48.0
865,2000.0,Unit_Empty,Barstow,455.7,Bakersfield,60.0,39.0
866,3016.0,Unit_Empty,Bakersfield,455.7,Stockton,63.0,36.0
867,3018.0,Intermodal,Barstow,456.3,Stockton,51.0,49.0
868,3002.0,Intermodal,Stockton,456.3,Barstow,49.0,51.0
869,3011.0,Unit,Barstow,456.4,Bakersfield,101.0,0.0
870,3017.0,Unit,Bakersfield,456.4,Barstow,0.0,101.0
871,2016.0,Unit,Barstow,459.9,Stockton,0.0,101.0
872,3007.0,Unit,Stockton,459.9,Barstow,101.0,0.0
873,2002.0,Unit_Empty,Stockton,460.0,Bakersfield,59.0,40.0
874,3014.0,Unit_Empty,Bakersfield,460.0,Barstow,64.0,35.0
875,3005.0,Intermodal,Stockton,461.7,Bakersfield,48.0,52.0
876,1000.0,Intermodal,Bakersfield,461.7,Stockton,52.0,48.0
877,3008.0,Unit,Barstow,462.0,Stockton,99.0,0.0
878,3019.0,Intermodal,Barstow,462.0,Bakersfield,51.0,49.0
879,3012.0,Unit,Barstow,462.0,Bakersfield,0.0,101.0
880,1003.0,Unit,Stockton,462.0,Barstow,0.0,99.0
881,1006.0,Unit_Empty,Stockton,462.0,Barstow,67.0,32.0
882,3001.0,Unit,Stockton,462.0,Bakersfield,101.0,0.0
883,1004.0,Intermodal,Bakersfield,462.0,Barstow,49.0,51.0
884,1011.0,Unit,Bakersfield,462.0,Barstow,101.0,0.0
885,2001.0,Unit,Bakersfield,462.0,Stockton,0.0,101.0
886,1002.0,Unit_Empty,Barstow,463.5,Stockton,52.0,46.0
887,2006.0,Unit_Empty,Barstow,465.0,Bakersfield,60.0,39.0
888,2019.0,Unit_Empty,Bakersfield,465.0,Stockton,63.0,36.0
889,2003.0,Unit,Stockton,465.6,Bakersfield,0.0,98.0
890,3004.0,Unit,Bakersfield,465.6,Stockton,98.0,0.0
891,1001.0,Intermodal,Barstow,468.0,Stockton,51.0,49.0
892,1005.0,Intermodal,Stockton,468.0,Barstow,49.0,51.0
893,2013.0,Unit_Empty,Stockton,469.2,Bakersfield,59.0,40.0
894,2008.0,Unit_Empty,Bakersfield,469.2,Barstow,64.0,35.0
895,2011.0,Intermodal,Stockton,469.8,Bakersfield,48.0,52.0
896,1008.0,Intermodal,Bakersfield,469.8,Stockton,52.0,48.0
897,1016.0,Intermodal,Barstow,470.4,Bakersfield,51.0,49.0
898,3010.0,Intermodal,Bakersfield,470.4,Barstow,49.0,51.0
899,3009.0,Unit_Empty,Stockton,472.5,Barstow,67.0,32.0
900,1012.0,Unit,Barstow,472.7,Bakersfield,101.0,0.0
901,2007.0,Unit,Bakersfield,472.7,Barstow,0.0,101.0
902,2010.0,Unit_Empty,Barstow,473.8,Stockton,52.0,46.0
903,3000.0,Unit_Empty,Barstow,474.3,Bakersfield,60.0,39.0
904,2014.0,Unit_Empty,Bakersfield,474.3,Stockton,63.0,36.0
905,3006.0,Unit,Barstow,476.0,Bakersfield,0.0,101.0
906,1017.0,Unit,Bakersfield,476.0,Barstow,101.0,0.0
907,1007.0,Intermodal,Stockton,477.9,Bakersfield,48.0,52.0
908,1013.0,Intermodal,Bakersfield,477.9,Stockton,52.0,48.0
909,2004.0,Unit_Empty,Stockton,478.4,Bakersfield,59.0,40.0
910,1010.0,Unit_Empty,Bakersfield,478.4,Barstow,64.0,35.0
911,1015.0,Intermodal,Barstow,478.8,Bakersfield,51.0,49.0
912,1019.0,Intermodal,Bakersfield,478.8,Barstow,49.0,51.0
913,2015.0,Intermodal,Barstow,479.7,Stockton,51.0,49.0
914,3015.0,Intermodal,Stockton,479.7,Barstow,49.0,51.0
915,3002.0,Unit,Barstow,481.8,Stockton,0.0,101.0
916,2012.0,Unit,Stockton,481.8,Barstow,101.0,0.0
917,2009.0,Unit,Barstow,483.0,Stockton,99.0,0.0
918,3013.0,Unit,Stockton,483.0,Barstow,0.0,99.0
919,2005.0,Unit_Empty,Stockton,483.0,Barstow,67.0,32.0
920,2017.0,Unit,Stockton,483.0,Bakersfield,101.0,0.0
921,3011.0,Unit,Bakersfield,483.0,Stockton,0.0,101.0
922,2018.0,Unit_Empty,Barstow,483.6,Bakersfield,60.0,39.0
923,1018.0,Unit_Empty,Bakersfield,483.6,Stockton,63.0,36.0
924,3003.0,Unit_Empty,Barstow,484.1,Stockton,52.0,46.0
925,1014.0,Unit,Stockton,485.0,Bakersfield,0.0,98.0
926,1009.0,Unit,Bakersfield,485.0,Stockton,98.0,0.0
927,3016.0,Intermodal,Stockton,486.0,Bakersfield,48.0,52.0
928,2000.0,Intermodal,Bakersfield,486.0,Stockton,52.0,48.0
929,3017.0,Intermodal,Barstow,487.2,Bakersfield,51.0,49.0
930,2002.0,Intermodal,Bakersfield,487.2,Barstow,49.0,51.0
931,3018.0,Unit_Empty,Stockton,487.6,Bakersfield,59.0,40.0
932,3005.0,Unit_Empty,Bakersfield,487.6,Barstow,64.0,35.0
933,3007.0,Unit,Barstow,489.0,Bakersfield,101.0,0.0
934,3012.0,Unit,Bakersfield,489.0,Barstow,0.0,101.0
935,1006.0,Unit,Barstow,490.0,Bakersfield,0.0,101.0
936,3001.0,Unit,Bakersfield,490.0,Barstow,101.0,0.0
937,3014.0,Intermodal,Barstow,491.4,Stockton,51.0,49.0
938,2016.0,Intermodal,Stockton,491.4,Barstow,49.0,51.0
939,1003.0,Unit_Empty,Barstow,492.9,Bakersfield,60.0,39.0
940,3019.0,Unit_Empty,Bakersfield,492.9,Stockton,63.0,36.0
941,1000.0,Unit_Empty,Stockton,493.5,Barstow,67.0,32.0
942,3008.0,Intermodal,Stockton,494.1,Bakersfield,48.0,52.0
943,2006.0,Intermodal,Bakersfield,494.1,Stockton,52.0,48.0
944,1004.0,Unit_Empty,Barstow,494.4,Stockton,52.0,46.0
945,1011.0,Intermodal,Barstow,495.6,Bakersfield,51.0,49.0
946,2003.0,Intermodal,Bakersfield,495.6,Barstow,49.0,51.0
947,2001.0,Unit_Empty,Stockton,496.8,Bakersfield,59.0,40.0
948,2013.0,Unit_Empty,Bakersfield,496.8,Barstow,64.0,35.0
949,1005.0,Unit_Empty,Barstow,502.2,Bakersfield,60.0,39.0
950,1002.0,Intermodal,Stockton,502.2,Bakersfield,48.0,52.0
951,2011.0,Intermodal,Bakersfield,502.2,Stockton,52.0,48.0
952,1016.0,Unit_Empty,Bakersfield,502.2,Stockton,63.0,36.0
953,2008.0,Intermodal,Barstow,503.1,Stockton,51.0,49.0
954,2019.0,Intermodal,Stockton,503.1,Barstow,49.0,51.0
955,2007.0,Unit,Barstow,503.7,Stockton,0.0,101.0
956,1001.0,Unit,Stockton,503.7,Barstow,101.0,0.0
